Category,Total Sales
Accessories,1131.9266666666665
Clothing,729.8149999999999
Electronics,1782.5287500000002
Fitness,1399.9099999999999
Food,351.68
Home,1166.6333333333334
Home decor,75.14500000000001
Kitchen,1049.93
Media,307.78499999999997
Outdoor,2975.7599999999998
Toys,521.7099999999999
